<PAMDataset>
  <PAMRasterBand band="1">
    <Histograms>
      <HistItem>
        <HistMin>-0.5</HistMin>
        <HistMax>29.5</HistMax>
        <BucketCount>30</BucketCount>
        <IncludeOutOfRange>1</IncludeOutOfRange>
        <Approximate>0</Approximate>
        <HistCounts>20711|0|0|0|0|0|2524|0|0|0|0|123|0|0|0|14|0|0|4054|0|103|0|0|0|0|0|0|0|0|5816</HistCounts>
      </HistItem>
    </Histograms>
    <Metadata>
      <MDI key="STATISTICS_MINIMUM">0</MDI>
      <MDI key="STATISTICS_MAXIMUM">29</MDI>
      <MDI key="STATISTICS_MEAN">7.8093567251462</MDI>
      <MDI key="STATISTICS_STDDEV">11.384050312106</MDI>
      <MDI key="STATISTICS_MEDIAN">0.000000</MDI>
      <MDI key="STATISTICS_COUNT">33345.000000</MDI>
      <MDI key="STATISTICS_SKIPFACTORX">1</MDI>
      <MDI key="STATISTICS_SKIPFACTORY">1</MDI>
      <MDI key="STATISTICS_EXCLUDEDVALUES"></MDI>
      <MDI key="STATISTICS_COVARIANCES">129.5966015085709</MDI>
    </Metadata>
  </PAMRasterBand>
</PAMDataset>
