system:index,month,precip_mm,year,.geo
0,1,42.917172013042126,2000,"{""type"":""MultiPoint"",""coordinates"":[]}"
1,2,15.94986198995715,2000,"{""type"":""MultiPoint"",""coordinates"":[]}"
2,3,24.564233550401493,2000,"{""type"":""MultiPoint"",""coordinates"":[]}"
3,4,32.16340625174691,2000,"{""type"":""MultiPoint"",""coordinates"":[]}"
4,5,33.25135298310039,2000,"{""type"":""MultiPoint"",""coordinates"":[]}"
5,6,5.93696202741605,2000,"{""type"":""MultiPoint"",""coordinates"":[]}"
6,7,1.4291148876475397,2000,"{""type"":""MultiPoint"",""coordinates"":[]}"
7,8,-9999,2000,"{""type"":""MultiPoint"",""coordinates"":[]}"
8,9,19.587846334849562,2000,"{""type"":""MultiPoint"",""coordinates"":[]}"
9,10,57.72178753736977,2000,"{""type"":""MultiPoint"",""coordinates"":[]}"
10,11,91.23485776419952,2000,"{""type"":""MultiPoint"",""coordinates"":[]}"
11,12,94.67085074041492,2000,"{""type"":""MultiPoint"",""coordinates"":[]}"
12,1,138.6569278841821,2001,"{""type"":""MultiPoint"",""coordinates"":[]}"
13,2,53.75805590085894,2001,"{""type"":""MultiPoint"",""coordinates"":[]}"
14,3,24.784223808306397,2001,"{""type"":""MultiPoint"",""coordinates"":[]}"
15,4,33.948482776356634,2001,"{""type"":""MultiPoint"",""coordinates"":[]}"
16,5,27.719233751296997,2001,"{""type"":""MultiPoint"",""coordinates"":[]}"
17,6,4.250624185967668,2001,"{""type"":""MultiPoint"",""coordinates"":[]}"
18,7,1.4364216990560015,2001,"{""type"":""MultiPoint"",""coordinates"":[]}"
19,8,2.4108795908009895,2001,"{""type"":""MultiPoint"",""coordinates"":[]}"
20,9,47.23200535105767,2001,"{""type"":""MultiPoint"",""coordinates"":[]}"
21,10,27.962489466800864,2001,"{""type"":""MultiPoint"",""coordinates"":[]}"
22,11,90.74850271349756,2001,"{""type"":""MultiPoint"",""coordinates"":[]}"
23,12,87.75129375056686,2001,"{""type"":""MultiPoint"",""coordinates"":[]}"
24,1,54.42220151758639,2002,"{""type"":""MultiPoint"",""coordinates"":[]}"
25,2,23.806447644100007,2002,"{""type"":""MultiPoint"",""coordinates"":[]}"
26,3,82.04260971835842,2002,"{""type"":""MultiPoint"",""coordinates"":[]}"
27,4,37.089838045779786,2002,"{""type"":""MultiPoint"",""coordinates"":[]}"
28,5,37.75746774450641,2002,"{""type"":""MultiPoint"",""coordinates"":[]}"
29,6,5.1027118151433,2002,"{""type"":""MultiPoint"",""coordinates"":[]}"
30,7,2.406919356818511,2002,"{""type"":""MultiPoint"",""coordinates"":[]}"
31,8,6.7857149131944245,2002,"{""type"":""MultiPoint"",""coordinates"":[]}"
32,9,17.2885654841628,2002,"{""type"":""MultiPoint"",""coordinates"":[]}"
33,10,28.55310069289163,2002,"{""type"":""MultiPoint"",""coordinates"":[]}"
34,11,119.27622324506814,2002,"{""type"":""MultiPoint"",""coordinates"":[]}"
35,12,125.38851834234791,2002,"{""type"":""MultiPoint"",""coordinates"":[]}"
36,1,208.9464585268609,2003,"{""type"":""MultiPoint"",""coordinates"":[]}"
37,2,125.36564024363722,2003,"{""type"":""MultiPoint"",""coordinates"":[]}"
38,3,30.154943958621157,2003,"{""type"":""MultiPoint"",""coordinates"":[]}"
39,4,68.08541315738286,2003,"{""type"":""MultiPoint"",""coordinates"":[]}"
40,5,21.59376161009352,2003,"{""type"":""MultiPoint"",""coordinates"":[]}"
41,6,4.965284070400434,2003,"{""type"":""MultiPoint"",""coordinates"":[]}"
42,7,1.436776700977967,2003,"{""type"":""MultiPoint"",""coordinates"":[]}"
43,8,4.766334088049203,2003,"{""type"":""MultiPoint"",""coordinates"":[]}"
44,9,18.59227840031419,2003,"{""type"":""MultiPoint"",""coordinates"":[]}"
45,10,61.147133599931955,2003,"{""type"":""MultiPoint"",""coordinates"":[]}"
46,11,103.53473168667232,2003,"{""type"":""MultiPoint"",""coordinates"":[]}"
47,12,130.72876883890027,2003,"{""type"":""MultiPoint"",""coordinates"":[]}"
48,1,68.30876740785402,2004,"{""type"":""MultiPoint"",""coordinates"":[]}"
49,2,42.93365785117461,2004,"{""type"":""MultiPoint"",""coordinates"":[]}"
50,3,84.0601402042068,2004,"{""type"":""MultiPoint"",""coordinates"":[]}"
51,4,51.622721623037464,2004,"{""type"":""MultiPoint"",""coordinates"":[]}"
52,5,87.49482978838627,2004,"{""type"":""MultiPoint"",""coordinates"":[]}"
53,6,5.784267776480345,2004,"{""type"":""MultiPoint"",""coordinates"":[]}"
54,7,-9999,2004,"{""type"":""MultiPoint"",""coordinates"":[]}"
55,8,3.5270026445945843,2004,"{""type"":""MultiPoint"",""coordinates"":[]}"
56,9,22.753871723870255,2004,"{""type"":""MultiPoint"",""coordinates"":[]}"
57,10,43.22492506348084,2004,"{""type"":""MultiPoint"",""coordinates"":[]}"
58,11,99.20760090328822,2004,"{""type"":""MultiPoint"",""coordinates"":[]}"
59,12,114.64068780881223,2004,"{""type"":""MultiPoint"",""coordinates"":[]}"
60,1,77.16495663651797,2005,"{""type"":""MultiPoint"",""coordinates"":[]}"
61,2,63.3893554856844,2005,"{""type"":""MultiPoint"",""coordinates"":[]}"
62,3,52.23870912444925,2005,"{""type"":""MultiPoint"",""coordinates"":[]}"
63,4,30.139300662780474,2005,"{""type"":""MultiPoint"",""coordinates"":[]}"
64,5,15.847500734240095,2005,"{""type"":""MultiPoint"",""coordinates"":[]}"
65,6,5.358830853043315,2005,"{""type"":""MultiPoint"",""coordinates"":[]}"
66,7,-9999,2005,"{""type"":""MultiPoint"",""coordinates"":[]}"
67,8,-9999,2005,"{""type"":""MultiPoint"",""coordinates"":[]}"
68,9,24.70860123411517,2005,"{""type"":""MultiPoint"",""coordinates"":[]}"
69,10,54.22364951962622,2005,"{""type"":""MultiPoint"",""coordinates"":[]}"
70,11,89.86533979611976,2005,"{""type"":""MultiPoint"",""coordinates"":[]}"
71,12,86.53412380396762,2005,"{""type"":""MultiPoint"",""coordinates"":[]}"
72,1,102.81522726789814,2006,"{""type"":""MultiPoint"",""coordinates"":[]}"
73,2,87.06588582903426,2006,"{""type"":""MultiPoint"",""coordinates"":[]}"
74,3,26.163752491229047,2006,"{""type"":""MultiPoint"",""coordinates"":[]}"
75,4,26.279403390171375,2006,"{""type"":""MultiPoint"",""coordinates"":[]}"
76,5,92.53424612161155,2006,"{""type"":""MultiPoint"",""coordinates"":[]}"
77,6,7.2000291405297885,2006,"{""type"":""MultiPoint"",""coordinates"":[]}"
78,7,2.945408552606529,2006,"{""type"":""MultiPoint"",""coordinates"":[]}"
79,8,4.157627955775395,2006,"{""type"":""MultiPoint"",""coordinates"":[]}"
80,9,42.76613949169622,2006,"{""type"":""MultiPoint"",""coordinates"":[]}"
81,10,21.178638202007683,2006,"{""type"":""MultiPoint"",""coordinates"":[]}"
82,11,35.037937765923616,2006,"{""type"":""MultiPoint"",""coordinates"":[]}"
83,12,142.3648635293836,2006,"{""type"":""MultiPoint"",""coordinates"":[]}"
84,1,32.149825889373496,2007,"{""type"":""MultiPoint"",""coordinates"":[]}"
85,2,71.0173450229324,2007,"{""type"":""MultiPoint"",""coordinates"":[]}"
86,3,155.34363261004475,2007,"{""type"":""MultiPoint"",""coordinates"":[]}"
87,4,80.42826789561833,2007,"{""type"":""MultiPoint"",""coordinates"":[]}"
88,5,34.77316334648667,2007,"{""type"":""MultiPoint"",""coordinates"":[]}"
89,6,7.0245531986806995,2007,"{""type"":""MultiPoint"",""coordinates"":[]}"
90,7,3.1086133328553673,2007,"{""type"":""MultiPoint"",""coordinates"":[]}"
91,8,3.9023652589209727,2007,"{""type"":""MultiPoint"",""coordinates"":[]}"
92,9,58.2343810250826,2007,"{""type"":""MultiPoint"",""coordinates"":[]}"
93,10,100.36213655338109,2007,"{""type"":""MultiPoint"",""coordinates"":[]}"
94,11,210.08434639244436,2007,"{""type"":""MultiPoint"",""coordinates"":[]}"
95,12,58.2887414415306,2007,"{""type"":""MultiPoint"",""coordinates"":[]}"
96,1,44.349731712697825,2008,"{""type"":""MultiPoint"",""coordinates"":[]}"
97,2,31.68676914121503,2008,"{""type"":""MultiPoint"",""coordinates"":[]}"
98,3,86.65454077052179,2008,"{""type"":""MultiPoint"",""coordinates"":[]}"
99,4,32.71653189948786,2008,"{""type"":""MultiPoint"",""coordinates"":[]}"
100,5,73.34605519236806,2008,"{""type"":""MultiPoint"",""coordinates"":[]}"
101,6,9.452039919166921,2008,"{""type"":""MultiPoint"",""coordinates"":[]}"
102,7,3.054134997251992,2008,"{""type"":""MultiPoint"",""coordinates"":[]}"
103,8,1.9831204999273069,2008,"{""type"":""MultiPoint"",""coordinates"":[]}"
104,9,47.36704828583191,2008,"{""type"":""MultiPoint"",""coordinates"":[]}"
105,10,84.24208818863485,2008,"{""type"":""MultiPoint"",""coordinates"":[]}"
106,11,141.01238297079212,2008,"{""type"":""MultiPoint"",""coordinates"":[]}"
107,12,161.99280487488366,2008,"{""type"":""MultiPoint"",""coordinates"":[]}"
108,1,173.08565801772002,2009,"{""type"":""MultiPoint"",""coordinates"":[]}"
109,2,43.02181368230659,2009,"{""type"":""MultiPoint"",""coordinates"":[]}"
110,3,78.83488672024737,2009,"{""type"":""MultiPoint"",""coordinates"":[]}"
111,4,90.80641900044735,2009,"{""type"":""MultiPoint"",""coordinates"":[]}"
112,5,43.001270454620645,2009,"{""type"":""MultiPoint"",""coordinates"":[]}"
113,6,4.756758117230139,2009,"{""type"":""MultiPoint"",""coordinates"":[]}"
114,7,2.0243136403716613,2009,"{""type"":""MultiPoint"",""coordinates"":[]}"
115,8,4.550317962035955,2009,"{""type"":""MultiPoint"",""coordinates"":[]}"
116,9,62.10690535785996,2009,"{""type"":""MultiPoint"",""coordinates"":[]}"
117,10,36.27703778988847,2009,"{""type"":""MultiPoint"",""coordinates"":[]}"
118,11,88.0401467162872,2009,"{""type"":""MultiPoint"",""coordinates"":[]}"
119,12,133.3955259055735,2009,"{""type"":""MultiPoint"",""coordinates"":[]}"
120,1,90.32959062808027,2010,"{""type"":""MultiPoint"",""coordinates"":[]}"
121,2,102.60014336577085,2010,"{""type"":""MultiPoint"",""coordinates"":[]}"
122,3,103.42862564826679,2010,"{""type"":""MultiPoint"",""coordinates"":[]}"
123,4,46.73076980247676,2010,"{""type"":""MultiPoint"",""coordinates"":[]}"
124,5,40.872806116799325,2010,"{""type"":""MultiPoint"",""coordinates"":[]}"
125,6,7.4780923094704885,2010,"{""type"":""MultiPoint"",""coordinates"":[]}"
126,7,1.1848092547086913,2010,"{""type"":""MultiPoint"",""coordinates"":[]}"
127,8,5.813382450665269,2010,"{""type"":""MultiPoint"",""coordinates"":[]}"
128,9,12.020454473584612,2010,"{""type"":""MultiPoint"",""coordinates"":[]}"
129,10,100.81115952161984,2010,"{""type"":""MultiPoint"",""coordinates"":[]}"
130,11,149.3323124591435,2010,"{""type"":""MultiPoint"",""coordinates"":[]}"
131,12,107.08625379901066,2010,"{""type"":""MultiPoint"",""coordinates"":[]}"
132,1,75.98355812892736,2011,"{""type"":""MultiPoint"",""coordinates"":[]}"
133,2,130.61335269981456,2011,"{""type"":""MultiPoint"",""coordinates"":[]}"
134,3,63.222088689001914,2011,"{""type"":""MultiPoint"",""coordinates"":[]}"
135,4,78.55042714716117,2011,"{""type"":""MultiPoint"",""coordinates"":[]}"
136,5,103.34868567680644,2011,"{""type"":""MultiPoint"",""coordinates"":[]}"
137,6,11.709305359938435,2011,"{""type"":""MultiPoint"",""coordinates"":[]}"
138,7,2.184173511010464,2011,"{""type"":""MultiPoint"",""coordinates"":[]}"
139,8,2.9105547566280183,2011,"{""type"":""MultiPoint"",""coordinates"":[]}"
140,9,12.570540509491323,2011,"{""type"":""MultiPoint"",""coordinates"":[]}"
141,10,40.71448504144901,2011,"{""type"":""MultiPoint"",""coordinates"":[]}"
142,11,190.1002540855764,2011,"{""type"":""MultiPoint"",""coordinates"":[]}"
143,12,84.22880126382702,2011,"{""type"":""MultiPoint"",""coordinates"":[]}"
144,1,40.21633453903912,2012,"{""type"":""MultiPoint"",""coordinates"":[]}"
145,2,45.73869490400653,2012,"{""type"":""MultiPoint"",""coordinates"":[]}"
146,3,79.51492154486826,2012,"{""type"":""MultiPoint"",""coordinates"":[]}"
147,4,128.75989515981942,2012,"{""type"":""MultiPoint"",""coordinates"":[]}"
148,5,33.16743581428706,2012,"{""type"":""MultiPoint"",""coordinates"":[]}"
149,6,4.753736224686988,2012,"{""type"":""MultiPoint"",""coordinates"":[]}"
150,7,0.01270448604476786,2012,"{""type"":""MultiPoint"",""coordinates"":[]}"
151,8,2.9905811826759408,2012,"{""type"":""MultiPoint"",""coordinates"":[]}"
152,9,11.49246526878571,2012,"{""type"":""MultiPoint"",""coordinates"":[]}"
153,10,77.44775993578901,2012,"{""type"":""MultiPoint"",""coordinates"":[]}"
154,11,102.69345484938577,2012,"{""type"":""MultiPoint"",""coordinates"":[]}"
155,12,61.84697202878578,2012,"{""type"":""MultiPoint"",""coordinates"":[]}"
156,1,142.70501227690795,2013,"{""type"":""MultiPoint"",""coordinates"":[]}"
157,2,115.14649244558032,2013,"{""type"":""MultiPoint"",""coordinates"":[]}"
158,3,98.61616412724291,2013,"{""type"":""MultiPoint"",""coordinates"":[]}"
159,4,58.097401904168535,2013,"{""type"":""MultiPoint"",""coordinates"":[]}"
160,5,95.02274067602426,2013,"{""type"":""MultiPoint"",""coordinates"":[]}"
161,6,6.066788426069456,2013,"{""type"":""MultiPoint"",""coordinates"":[]}"
162,7,1.840310443227536,2013,"{""type"":""MultiPoint"",""coordinates"":[]}"
163,8,6.1288554735272855,2013,"{""type"":""MultiPoint"",""coordinates"":[]}"
164,9,25.121253022523682,2013,"{""type"":""MultiPoint"",""coordinates"":[]}"
165,10,27.66119904495845,2013,"{""type"":""MultiPoint"",""coordinates"":[]}"
166,11,160.12154432991954,2013,"{""type"":""MultiPoint"",""coordinates"":[]}"
167,12,103.44874768836476,2013,"{""type"":""MultiPoint"",""coordinates"":[]}"
168,1,119.1199791230888,2014,"{""type"":""MultiPoint"",""coordinates"":[]}"
169,2,72.85762401384729,2014,"{""type"":""MultiPoint"",""coordinates"":[]}"
170,3,113.0125323790256,2014,"{""type"":""MultiPoint"",""coordinates"":[]}"
171,4,16.281571642260687,2014,"{""type"":""MultiPoint"",""coordinates"":[]}"
172,5,16.691340094414826,2014,"{""type"":""MultiPoint"",""coordinates"":[]}"
173,6,19.859652318687083,2014,"{""type"":""MultiPoint"",""coordinates"":[]}"
174,7,1.902419220064288,2014,"{""type"":""MultiPoint"",""coordinates"":[]}"
175,8,1.7979052668419953,2014,"{""type"":""MultiPoint"",""coordinates"":[]}"
176,9,27.93821012583848,2014,"{""type"":""MultiPoint"",""coordinates"":[]}"
177,10,37.85295121023589,2014,"{""type"":""MultiPoint"",""coordinates"":[]}"
178,11,87.62912669805722,2014,"{""type"":""MultiPoint"",""coordinates"":[]}"
179,12,183.82810097097234,2014,"{""type"":""MultiPoint"",""coordinates"":[]}"
180,1,106.48635543841067,2015,"{""type"":""MultiPoint"",""coordinates"":[]}"
181,2,94.05592093066633,2015,"{""type"":""MultiPoint"",""coordinates"":[]}"
182,3,57.00393704387629,2015,"{""type"":""MultiPoint"",""coordinates"":[]}"
183,4,13.747642958275625,2015,"{""type"":""MultiPoint"",""coordinates"":[]}"
184,5,23.16806226356007,2015,"{""type"":""MultiPoint"",""coordinates"":[]}"
185,6,8.826085858255903,2015,"{""type"":""MultiPoint"",""coordinates"":[]}"
186,7,1.6634380338347963,2015,"{""type"":""MultiPoint"",""coordinates"":[]}"
187,8,4.459288027520492,2015,"{""type"":""MultiPoint"",""coordinates"":[]}"
188,9,27.479433129881027,2015,"{""type"":""MultiPoint"",""coordinates"":[]}"
189,10,67.16358037752525,2015,"{""type"":""MultiPoint"",""coordinates"":[]}"
190,11,88.25129997841665,2015,"{""type"":""MultiPoint"",""coordinates"":[]}"
191,12,40.45034679519796,2015,"{""type"":""MultiPoint"",""coordinates"":[]}"
192,1,84.00569962118274,2016,"{""type"":""MultiPoint"",""coordinates"":[]}"
193,2,118.67158262974746,2016,"{""type"":""MultiPoint"",""coordinates"":[]}"
194,3,135.79331455052457,2016,"{""type"":""MultiPoint"",""coordinates"":[]}"
195,4,48.26860569570666,2016,"{""type"":""MultiPoint"",""coordinates"":[]}"
196,5,44.64662733924723,2016,"{""type"":""MultiPoint"",""coordinates"":[]}"
197,6,6.534330796972614,2016,"{""type"":""MultiPoint"",""coordinates"":[]}"
198,7,2.7268488471196077,2016,"{""type"":""MultiPoint"",""coordinates"":[]}"
199,8,-9999,2016,"{""type"":""MultiPoint"",""coordinates"":[]}"
200,9,18.906281013355073,2016,"{""type"":""MultiPoint"",""coordinates"":[]}"
201,10,18.32669184586712,2016,"{""type"":""MultiPoint"",""coordinates"":[]}"
202,11,110.22648544846294,2016,"{""type"":""MultiPoint"",""coordinates"":[]}"
203,12,123.27773611122203,2016,"{""type"":""MultiPoint"",""coordinates"":[]}"
204,1,211.98552602251002,2017,"{""type"":""MultiPoint"",""coordinates"":[]}"
205,2,48.66160272883479,2017,"{""type"":""MultiPoint"",""coordinates"":[]}"
206,3,45.22198025534086,2017,"{""type"":""MultiPoint"",""coordinates"":[]}"
207,4,21.440351731309267,2017,"{""type"":""MultiPoint"",""coordinates"":[]}"
208,5,18.138600591187164,2017,"{""type"":""MultiPoint"",""coordinates"":[]}"
209,6,10.071925536494389,2017,"{""type"":""MultiPoint"",""coordinates"":[]}"
210,7,-9999,2017,"{""type"":""MultiPoint"",""coordinates"":[]}"
211,8,4.647311406854157,2017,"{""type"":""MultiPoint"",""coordinates"":[]}"
212,9,29.71733089696581,2017,"{""type"":""MultiPoint"",""coordinates"":[]}"
213,10,23.037909445361556,2017,"{""type"":""MultiPoint"",""coordinates"":[]}"
214,11,103.98586793703453,2017,"{""type"":""MultiPoint"",""coordinates"":[]}"
215,12,149.12723952141877,2017,"{""type"":""MultiPoint"",""coordinates"":[]}"
216,1,71.01269148220527,2018,"{""type"":""MultiPoint"",""coordinates"":[]}"
217,2,99.7761386978292,2018,"{""type"":""MultiPoint"",""coordinates"":[]}"
218,3,133.13290977923668,2018,"{""type"":""MultiPoint"",""coordinates"":[]}"
219,4,101.65738652131269,2018,"{""type"":""MultiPoint"",""coordinates"":[]}"
220,5,54.40170656186398,2018,"{""type"":""MultiPoint"",""coordinates"":[]}"
221,6,20.548062123984934,2018,"{""type"":""MultiPoint"",""coordinates"":[]}"
222,7,1.4064750927630987,2018,"{""type"":""MultiPoint"",""coordinates"":[]}"
223,8,1.6663334228524886,2018,"{""type"":""MultiPoint"",""coordinates"":[]}"
224,9,52.55774207538534,2018,"{""type"":""MultiPoint"",""coordinates"":[]}"
225,10,107.10922647748039,2018,"{""type"":""MultiPoint"",""coordinates"":[]}"
226,11,138.95241545739574,2018,"{""type"":""MultiPoint"",""coordinates"":[]}"
227,12,70.6407022407212,2018,"{""type"":""MultiPoint"",""coordinates"":[]}"
228,1,126.23293584752307,2019,"{""type"":""MultiPoint"",""coordinates"":[]}"
229,2,39.201990381579535,2019,"{""type"":""MultiPoint"",""coordinates"":[]}"
230,3,29.377752792055364,2019,"{""type"":""MultiPoint"",""coordinates"":[]}"
231,4,57.98267706964931,2019,"{""type"":""MultiPoint"",""coordinates"":[]}"
232,5,26.606138360834567,2019,"{""type"":""MultiPoint"",""coordinates"":[]}"
233,6,6.5088408672341656,2019,"{""type"":""MultiPoint"",""coordinates"":[]}"
234,7,4.143758079994505,2019,"{""type"":""MultiPoint"",""coordinates"":[]}"
235,8,6.802269997440766,2019,"{""type"":""MultiPoint"",""coordinates"":[]}"
236,9,54.94511722515677,2019,"{""type"":""MultiPoint"",""coordinates"":[]}"
237,10,27.926212150359824,2019,"{""type"":""MultiPoint"",""coordinates"":[]}"
238,11,163.1249760422751,2019,"{""type"":""MultiPoint"",""coordinates"":[]}"
239,12,65.2884697602174,2019,"{""type"":""MultiPoint"",""coordinates"":[]}"
240,1,52.704925608412125,2020,"{""type"":""MultiPoint"",""coordinates"":[]}"
241,2,12.182821046526186,2020,"{""type"":""MultiPoint"",""coordinates"":[]}"
242,3,83.23071037163244,2020,"{""type"":""MultiPoint"",""coordinates"":[]}"
243,4,98.95146642667109,2020,"{""type"":""MultiPoint"",""coordinates"":[]}"
244,5,12.641931009626834,2020,"{""type"":""MultiPoint"",""coordinates"":[]}"
245,6,6.903097959968189,2020,"{""type"":""MultiPoint"",""coordinates"":[]}"
246,7,0.6693135531984757,2020,"{""type"":""MultiPoint"",""coordinates"":[]}"
247,8,-9999,2020,"{""type"":""MultiPoint"",""coordinates"":[]}"
248,9,17.01943232915995,2020,"{""type"":""MultiPoint"",""coordinates"":[]}"
249,10,34.91531239141753,2020,"{""type"":""MultiPoint"",""coordinates"":[]}"
250,11,82.31154227033954,2020,"{""type"":""MultiPoint"",""coordinates"":[]}"
251,12,137.13176097156847,2020,"{""type"":""MultiPoint"",""coordinates"":[]}"
252,1,68.85027694702148,2021,"{""type"":""MultiPoint"",""coordinates"":[]}"
253,2,32.94358160339783,2021,"{""type"":""MultiPoint"",""coordinates"":[]}"
254,3,60.78492835303333,2021,"{""type"":""MultiPoint"",""coordinates"":[]}"
255,4,40.31240140389059,2021,"{""type"":""MultiPoint"",""coordinates"":[]}"
256,5,29.84807942960864,2021,"{""type"":""MultiPoint"",""coordinates"":[]}"
257,6,10.595073221442854,2021,"{""type"":""MultiPoint"",""coordinates"":[]}"
258,7,1.9022827415822823,2021,"{""type"":""MultiPoint"",""coordinates"":[]}"
259,8,3.14510511794937,2021,"{""type"":""MultiPoint"",""coordinates"":[]}"
260,9,29.82066104568054,2021,"{""type"":""MultiPoint"",""coordinates"":[]}"
261,10,26.68356224309618,2021,"{""type"":""MultiPoint"",""coordinates"":[]}"
262,11,231.61151433213848,2021,"{""type"":""MultiPoint"",""coordinates"":[]}"
263,12,77.22553923419703,2021,"{""type"":""MultiPoint"",""coordinates"":[]}"
264,1,34.004076200110894,2022,"{""type"":""MultiPoint"",""coordinates"":[]}"
265,2,32.00064003578971,2022,"{""type"":""MultiPoint"",""coordinates"":[]}"
266,3,115.2193660123326,2022,"{""type"":""MultiPoint"",""coordinates"":[]}"
267,4,118.0488197736651,2022,"{""type"":""MultiPoint"",""coordinates"":[]}"
268,5,32.52442588093125,2022,"{""type"":""MultiPoint"",""coordinates"":[]}"
269,6,5.233046414836232,2022,"{""type"":""MultiPoint"",""coordinates"":[]}"
270,7,2.5685401419612846,2022,"{""type"":""MultiPoint"",""coordinates"":[]}"
271,8,1.3184734616324167,2022,"{""type"":""MultiPoint"",""coordinates"":[]}"
272,9,21.866191644704067,2022,"{""type"":""MultiPoint"",""coordinates"":[]}"
273,10,29.663800881287763,2022,"{""type"":""MultiPoint"",""coordinates"":[]}"
274,11,75.67753571661834,2022,"{""type"":""MultiPoint"",""coordinates"":[]}"
275,12,51.02042191050877,2022,"{""type"":""MultiPoint"",""coordinates"":[]}"
