system:index,precip_mm,year,.geo
0,419.42744608014544,2000,"{""type"":""MultiPoint"",""coordinates"":[]}"
1,540.6591408787486,2001,"{""type"":""MultiPoint"",""coordinates"":[]}"
2,539.9203185199577,2002,"{""type"":""MultiPoint"",""coordinates"":[]}"
3,779.317524881842,2003,"{""type"":""MultiPoint"",""coordinates"":[]}"
4,623.5584727951856,2004,"{""type"":""MultiPoint"",""coordinates"":[]}"
5,499.47036785054433,2005,"{""type"":""MultiPoint"",""coordinates"":[]}"
6,590.5091597378672,2006,"{""type"":""MultiPoint"",""coordinates"":[]}"
7,814.7173719673514,2007,"{""type"":""MultiPoint"",""coordinates"":[]}"
8,717.8572484527793,2008,"{""type"":""MultiPoint"",""coordinates"":[]}"
9,759.9010533645887,2009,"{""type"":""MultiPoint"",""coordinates"":[]}"
10,767.6883998295972,2010,"{""type"":""MultiPoint"",""coordinates"":[]}"
11,796.1362268696322,2011,"{""type"":""MultiPoint"",""coordinates"":[]}"
12,588.6349559381744,2012,"{""type"":""MultiPoint"",""coordinates"":[]}"
13,839.9765098585146,2013,"{""type"":""MultiPoint"",""coordinates"":[]}"
14,698.7714130633345,2014,"{""type"":""MultiPoint"",""coordinates"":[]}"
15,532.7553908354212,2015,"{""type"":""MultiPoint"",""coordinates"":[]}"
16,711.3842038994081,2016,"{""type"":""MultiPoint"",""coordinates"":[]}"
17,666.0356460733112,2017,"{""type"":""MultiPoint"",""coordinates"":[]}"
18,852.861789933031,2018,"{""type"":""MultiPoint"",""coordinates"":[]}"
19,608.1411385743204,2019,"{""type"":""MultiPoint"",""coordinates"":[]}"
20,538.6623139385209,2020,"{""type"":""MultiPoint"",""coordinates"":[]}"
21,613.7230056730386,2021,"{""type"":""MultiPoint"",""coordinates"":[]}"
22,519.1453380743784,2022,"{""type"":""MultiPoint"",""coordinates"":[]}"
